{"cameraMode":{"drawMode":0,"name":"Shaded","section":"Shading Mode"},"sceneLighting":true,"audioPlay":false,"sceneViewState":{"showFog":true,"showMaterialUpdate":true,"showSkybox":true,"showFlares":true,"showImageEffects":true,"showParticleSystems":true},"in2DMode":false,"pivot":{"x":92.70889282226563,"y":-1.3291854858398438,"z":70.30857849121094},"rotation":{"x":-0.1596536785364151,"y":0.4046613872051239,"z":-0.07167202979326248,"w":-0.898167073726654},"size":26.95500946044922,"orthographic":false}