{"cameraMode":{"drawMode":0,"name":"Shaded","section":"Shading Mode"},"sceneLighting":false,"audioPlay":false,"sceneViewState":{"showFog":true,"showMaterialUpdate":true,"showSkybox":false,"showFlares":true,"showImageEffects":true,"showParticleSystems":true},"in2DMode":false,"pivot":{"x":0.04678250104188919,"y":1.2793582677841187,"z":-0.1959334909915924},"rotation":{"x":-0.009663370437920094,"y":-0.9798782467842102,"z":0.19385725259780885,"w":-0.04950200766324997},"size":1.090857982635498,"orthographic":false}